name,lastname
ttt,iii
Yupaporn,Wanna
ยุภาภรณ์,วันนา
Jinda,Khemprasit
Yupaporn,Wanna
Yupaporn,Wanna
Yupaporn222,Wanna
Yupaporn222,Wanna
Yupaporn222,Wanna
Yupaporn222,Wanna
Yupaporn222,Wanna
Yupaporn444,Wanna
Yupaporn,Wanna
,
,
Yupaporn,Wanna
Yupaporn,Wanna
Yupaporn,Wanna
GUN,
,
GUN,
GUN,
ยุภาภรณ์,วันนา
kkk,วันนา
kkk,วันนา
kkk,วันนา
kkk,วันนา
Yupaporn,Wanna
kkk,วันนา
,
,
Yupaporn,Wanna
Yupaporn2,Wanna2
Yupaporn,Wanna
Yupaporn2,Wanna2
Yupaporn2,Wanna2
,
,
,
Yupaporn,Wanna
Yupaporn222,Wanna
